{"cameraMode":{"drawMode":0,"name":"Shaded","section":"Shading Mode"},"sceneLighting":false,"audioPlay":false,"sceneViewState":{"showFog":true,"showMaterialUpdate":false,"showSkybox":false,"showFlares":true,"showImageEffects":true,"showParticleSystems":true},"in2DMode":false,"pivot":{"x":0.0,"y":0.940000057220459,"z":-20.469999313354493},"rotation":{"x":-0.34238821268081667,"y":-0.36082810163497927,"z":0.14448070526123048,"w":-0.8555310964584351},"size":0.8660253882408142,"orthographic":false}